Date,No_of_calls_from_commercial_card,No_of_calls_from_retail_card,No_of_calls_from_student_card
1/1/2017,264,403,860
1/2/2017,528,792,1681
1/3/2017,2505,3774,7639
1/4/2017,2145,3236,6513
1/5/2017,2164,3265,6604
1/6/2017,1787,2697,5482
1/7/2017,464,715,1449
1/8/2017,505,758,1574
1/9/2017,2107,3172,6423
1/10/2017,2283,3436,6940
1/11/2017,2119,3190,6467
1/12/2017,2061,3102,6282
1/13/2017,1833,2769,5571
1/14/2017,429,652,1347
1/15/2017,459,705,1481
1/16/2017,1681,2539,5123
1/17/2017,2246,3376,6847
1/18/2017,2007,3028,6105
1/19/2017,2133,3204,6432
1/20/2017,1920,2896,5817
1/21/2017,539,812,1682
1/22/2017,524,786,1588
1/23/2017,2443,3683,7422
1/24/2017,2082,3130,6339
1/25/2017,2024,3041,6108
1/26/2017,1873,2812,5675
1/27/2017,1753,2642,5302
1/28/2017,410,621,1337
1/29/2017,591,902,1874
1/30/2017,2268,3411,6916
1/31/2017,2092,3153,6327
2/1/2017,2323,3494,7058
2/2/2017,1873,2827,5692
2/3/2017,1808,2719,5483
2/4/2017,453,688,1378
2/5/2017,531,811,1652
2/6/2017,2262,3394,6810
2/7/2017,1945,2932,5931
2/8/2017,1929,2900,5850
2/9/2017,1700,2554,5140
2/10/2017,1643,2484,5032
2/11/2017,482,723,1524
2/12/2017,517,791,1628
2/13/2017,2081,3140,6364
2/14/2017,1828,2746,5558
2/15/2017,1784,2688,5461
2/16/2017,1923,2899,5860
2/17/2017,1761,2656,5379
2/18/2017,440,672,1416
2/19/2017,515,785,1667
2/20/2017,1644,2469,5024
2/21/2017,2058,3095,6280
2/22/2017,1882,2829,5683
2/23/2017,1843,2768,5620
2/24/2017,1703,2572,5192
2/25/2017,477,727,1539
2/26/2017,520,799,1625
2/27/2017,2217,3329,6734
2/28/2017,2034,3067,6173
3/1/2017,2105,3176,6370
3/2/2017,2089,3137,6302
3/3/2017,1941,2915,5919
3/4/2017,442,681,1400
3/5/2017,527,808,1712
3/6/2017,2198,3315,6712
3/7/2017,1966,2952,5998
3/8/2017,1807,2725,5485
3/9/2017,1688,2541,5172
3/10/2017,1533,2309,4715
3/11/2017,422,649,1326
3/12/2017,459,706,1440
3/13/2017,1917,2890,5854
3/14/2017,1746,2630,5303
3/15/2017,1697,2552,5161
3/16/2017,1608,2419,4934
3/17/2017,1510,2273,4561
3/18/2017,424,649,1301
3/19/2017,507,777,1649
3/20/2017,2042,3075,6172
3/21/2017,1994,2998,6003
3/22/2017,1774,2678,5440
3/23/2017,1765,2656,5337
3/24/2017,1679,2538,5156
3/25/2017,435,655,1398
3/26/2017,470,708,1456
3/27/2017,2091,3143,6349
3/28/2017,1885,2836,5679
3/29/2017,1826,2756,5567
3/30/2017,1886,2831,5683
3/31/2017,1785,2695,5444
4/1/2017,416,631,1266
4/2/2017,564,858,1763
4/3/2017,2681,4033,8084
4/4/2017,2146,3228,6478
4/5/2017,1983,2992,6015
4/6/2017,1813,2725,5491
4/7/2017,1682,2529,5069
4/8/2017,396,604,1245
4/9/2017,486,736,1563
4/10/2017,1979,2972,6010
4/11/2017,1779,2677,5363
4/12/2017,1629,2451,4949
4/13/2017,1606,2428,4875
4/14/2017,1130,1713,3489
4/15/2017,343,528,1096
4/16/2017,325,488,977
4/17/2017,2072,3126,6274
4/18/2017,1941,2923,5875
4/19/2017,1766,2667,5392
4/20/2017,1786,2680,5384
4/21/2017,1687,2546,5107
4/22/2017,504,775,1600
4/23/2017,522,793,1680
4/24/2017,2224,3346,6787
4/25/2017,2067,3107,6308
4/26/2017,2009,3027,6073
4/27/2017,1900,2853,5737
4/28/2017,1842,2767,5545
4/29/2017,518,795,1640
4/30/2017,566,852,1706
5/1/2017,2418,3633,7284
5/2/2017,2324,3505,7031
5/3/2017,2134,3219,6474
5/4/2017,1904,2866,5754
5/5/2017,1702,2569,5138
5/6/2017,449,687,1468
5/7/2017,494,744,1557
5/8/2017,1981,2983,6061
5/9/2017,1743,2630,5323
5/10/2017,1775,2665,5379
5/11/2017,1735,2617,5315
5/12/2017,1688,2539,5127
5/13/2017,450,685,1393
5/14/2017,438,667,1392
5/15/2017,2112,3169,6363
5/16/2017,1853,2789,5603
5/17/2017,1778,2679,5436
5/18/2017,1758,2643,5379
5/19/2017,1670,2519,5117
5/20/2017,432,653,1378
5/21/2017,468,721,1478
5/22/2017,2132,3207,6487
5/23/2017,2044,3073,6195
5/24/2017,1950,2943,5968
5/25/2017,1751,2632,5291
5/26/2017,1593,2408,4876
5/27/2017,356,535,1164
5/28/2017,341,525,1062
5/29/2017,378,584,1168
5/30/2017,2154,3244,6587
5/31/2017,1909,2869,5812
6/1/2017,2166,3260,6528
6/2/2017,1813,2729,5554
6/3/2017,461,711,1439
6/4/2017,508,778,1592
6/5/2017,2235,3354,6774
6/6/2017,1946,2936,5919
6/7/2017,1772,2675,5412
6/8/2017,1690,2546,5136
6/9/2017,1479,2220,4451
6/10/2017,447,677,1396
6/11/2017,464,698,1415
6/12/2017,2010,3019,6095
6/13/2017,1849,2793,5620
6/14/2017,1679,2538,5149
6/15/2017,1750,2643,5349
6/16/2017,1703,2563,5193
6/17/2017,412,619,1269
6/18/2017,473,723,1539
6/19/2017,2097,3154,6324
6/20/2017,1909,2882,5783
6/21/2017,1956,2935,5963
6/22/2017,1849,2774,5609
6/23/2017,1714,2573,5229
6/24/2017,532,809,1679
6/25/2017,578,867,1747
6/26/2017,2242,3376,6757
6/27/2017,2169,3257,6606
6/28/2017,1968,2967,5956
6/29/2017,1968,2963,5982
6/30/2017,1680,2535,5158
7/1/2017,394,595,1248
7/2/2017,338,513,1056
7/3/2017,1436,2159,4408
7/4/2017,263,398,801
7/5/2017,2043,3078,6247
7/6/2017,1943,2933,5871
7/7/2017,1729,2594,5215
7/8/2017,409,619,1286
7/9/2017,485,728,1529
7/10/2017,2051,3081,6177
7/11/2017,1977,2974,5993
7/12/2017,1833,2758,5536
7/13/2017,1705,2563,5144
7/14/2017,1585,2385,4782
7/15/2017,493,757,1577
7/16/2017,493,754,1574
7/17/2017,2061,3109,6258
7/18/2017,1941,2924,5915
7/19/2017,1739,2621,5265
7/20/2017,1687,2545,5185
7/21/2017,1736,2615,5257
7/22/2017,546,836,1759
7/23/2017,493,758,1545
7/24/2017,2080,3122,6278
7/25/2017,1891,2845,5760
7/26/2017,1935,2920,5921
7/27/2017,1545,2331,4689
7/28/2017,1474,2222,4520
7/29/2017,405,610,1264
7/30/2017,444,671,1428
7/31/2017,1963,2952,5976
8/1/2017,2148,3230,6481
8/2/2017,1923,2888,5837
8/3/2017,1733,2610,5284
8/4/2017,1651,2477,5016
8/5/2017,389,585,1231
8/6/2017,411,636,1288
8/7/2017,1859,2793,5608
8/8/2017,1704,2556,5158
8/9/2017,1591,2400,4841
8/10/2017,1462,2197,4476
8/11/2017,1467,2203,4445
8/12/2017,435,669,1349
8/13/2017,408,630,1305
8/14/2017,1650,2482,4971
8/15/2017,1581,2380,4774
8/16/2017,1613,2427,4917
8/17/2017,1592,2392,4806
8/18/2017,1490,2249,4503
8/19/2017,377,573,1219
8/20/2017,387,584,1217
8/21/2017,1712,2577,5253
8/22/2017,1762,2645,5387
8/23/2017,1670,2517,5133
8/24/2017,1585,2388,4867
8/25/2017,1546,2322,4649
8/26/2017,430,645,1369
8/27/2017,447,687,1381
8/28/2017,1892,2850,5727
8/29/2017,1712,2578,5174
8/30/2017,1883,2830,5689
8/31/2017,1974,2969,5955
9/1/2017,1790,2686,5441
9/2/2017,312,481,1008
9/3/2017,325,489,1071
9/4/2017,420,649,1389
9/5/2017,2316,3490,7030
9/6/2017,1973,2961,6001
9/7/2017,1758,2654,5332
9/8/2017,1621,2443,4960
9/9/2017,453,681,1412
9/10/2017,425,652,1345
9/11/2017,1678,2523,5077
9/12/2017,1710,2565,5186
9/13/2017,1786,2693,5439
9/14/2017,1724,2596,5235
9/15/2017,1518,2290,4644
9/16/2017,419,635,1362
9/17/2017,535,815,1691
9/18/2017,1933,2909,5826
9/19/2017,1758,2640,5292
9/20/2017,1830,2749,5500
9/21/2017,1647,2471,4973
9/22/2017,1508,2263,4560
9/23/2017,466,706,1428
9/24/2017,518,789,1677
9/25/2017,2050,3084,6196
9/26/2017,1861,2798,5668
9/27/2017,1709,2575,5243
9/28/2017,1716,2593,5283
9/29/2017,1558,2347,4701
9/30/2017,437,674,1434
10/1/2017,592,889,1800
10/2/2017,2216,3338,6688
10/3/2017,2159,3258,6543
10/4/2017,1946,2923,5869
10/5/2017,1767,2660,5329
10/6/2017,1563,2351,4775
10/7/2017,456,691,1394
10/8/2017,490,753,1528
10/9/2017,1986,2993,6013
10/10/2017,1856,2790,5614
10/11/2017,1816,2727,5541
10/12/2017,1840,2779,5657
10/13/2017,1632,2463,4946
10/14/2017,465,700,1467
10/15/2017,514,776,1552
10/16/2017,2124,3198,6412
10/17/2017,2043,3080,6234
10/18/2017,1987,2992,5996
10/19/2017,1893,2855,5766
10/20/2017,1671,2508,5036
10/21/2017,435,663,1409
10/22/2017,520,785,1659
10/23/2017,2265,3412,6886
10/24/2017,2115,3191,6386
10/25/2017,1882,2841,5726
10/26/2017,1890,2842,5755
10/27/2017,1573,2377,4780
10/28/2017,422,653,1325
10/29/2017,488,732,1542
10/30/2017,2081,3136,6325
10/31/2017,1953,2948,5969
11/1/2017,2412,3627,7277
11/2/2017,2027,3053,6120
11/3/2017,1850,2785,5656
11/4/2017,414,628,1348
11/5/2017,573,865,1753
11/6/2017,2240,3367,6784
11/7/2017,2026,3055,6205
11/8/2017,1892,2843,5700
11/9/2017,2348,3525,7129
11/10/2017,2365,3551,7200
11/11/2017,391,594,1269
11/12/2017,518,793,1675
11/13/2017,3075,4623,9331
11/14/2017,2439,3665,7361
11/15/2017,2296,3454,6991
11/16/2017,2512,3783,7637
11/17/2017,2025,3041,6091
11/18/2017,369,567,1180
11/19/2017,407,627,1302
11/20/2017,2308,3466,6948
11/21/2017,2353,3531,7110
11/22/2017,1725,2603,5243
11/23/2017,184,289,598
11/24/2017,496,754,1528
11/25/2017,327,505,1028
11/26/2017,397,613,1303
11/27/2017,3146,4734,9502
11/28/2017,2531,3799,7631
11/29/2017,2548,3827,7721
11/30/2017,2531,3812,7648
12/1/2017,2210,3319,6676
12/2/2017,428,645,1346
12/3/2017,545,827,1683
12/4/2017,2704,4073,8244
12/5/2017,2560,3846,7734
12/6/2017,2427,3651,7400
12/7/2017,2318,3490,7029
12/8/2017,2122,3202,6441
12/9/2017,452,681,1397
12/10/2017,429,654,1391
12/11/2017,2657,4003,8058
12/12/2017,2617,3928,7910
12/13/2017,2209,3326,6666
12/14/2017,2075,3127,6331
12/15/2017,1858,2789,5582
12/16/2017,397,600,1236
12/17/2017,420,637,1374
12/18/2017,2186,3281,6657
12/19/2017,2059,3089,6228
12/20/2017,1956,2948,5960
12/21/2017,2078,3130,6318
12/22/2017,1403,2113,4323
12/23/2017,329,509,1106
12/24/2017,208,325,676
12/25/2017,97,157,324
12/26/2017,1063,1613,3297
12/27/2017,1572,2368,4787
12/28/2017,1547,2335,4715
12/29/2017,1208,1818,3732
12/30/2017,314,480,995
12/31/2017,323,504,1049
1/1/2018,200,305,709
1/2/2018,3529,7136,2343
1/3/2018,6862,2257,3404
1/4/2018,2024,3036,6153
1/5/2018,5934,1970,2961
1/6/2018,448,675,1352
1/7/2018,1379,422,650
1/8/2018,2124,6427,3203
1/9/2018,3210,6431,2130
1/10/2018,2995,6032,1994
1/11/2018,1906,5749,2861
1/12/2018,5308,1748,2630
1/13/2018,647,1351,424
1/14/2018,602,388,1271
1/15/2018,2298,4672,1524
1/16/2018,6318,2072,3125
1/17/2018,2823,5717,1881
1/18/2018,1868,2811,5714
1/19/2018,2961,1971,5941
1/20/2018,1614,776,516
1/21/2018,1781,562,862
1/22/2018,3508,2327,7093
1/23/2018,6575,3253,2167
1/24/2018,3104,6228,2069
1/25/2018,1922,5799,2889
1/26/2018,1667,2512,5053
1/27/2018,442,1450,682
1/28/2018,1585,762,501
1/29/2018,2265,3404,6825
1/30/2018,2158,6516,3256
1/31/2018,1929,2897,5867
2/1/2018,2337,7081,3512
2/2/2018,6258,3096,2063
2/3/2018,684,1466,446
2/4/2018,772,503,1602
2/5/2018,2417,3638,7333
2/6/2018,6394,3149,2086
2/7/2018,5962,2972,1971
2/8/2018,2961,5961,1961
2/9/2018,1786,5404,2680
2/10/2018,1251,605,402
2/11/2018,457,1473,697
2/12/2018,3258,6592,2167
2/13/2018,1975,2967,5966
2/14/2018,2864,5776,1903
2/15/2018,1805,5426,2712
2/16/2018,5076,2531,1687
2/17/2018,438,670,1344
2/18/2018,707,466,1458
2/19/2018,1501,4547,2261
2/20/2018,6193,2043,3070
2/21/2018,3145,6321,2090
2/22/2018,5961,2951,1960
2/23/2018,1700,2568,5199
2/24/2018,450,685,1429
2/25/2018,933,609,1870
2/26/2018,3537,7171,2349
2/27/2018,6592,2175,3274
2/28/2018,2265,6871,3406
3/1/2018,2307,6944,3468
3/2/2018,5743,2843,1892
3/3/2018,749,491,1551
3/4/2018,886,581,1837
3/5/2018,6756,2239,3366
3/6/2018,6615,3307,2201
3/7/2018,2818,5660,1874
3/8/2018,1818,5543,2731
3/9/2018,5221,1718,2585
3/10/2018,727,1472,474
3/11/2018,1352,654,426
3/12/2018,3098,2061,6271
3/13/2018,1913,2872,5761
3/14/2018,1866,2805,5681
3/15/2018,2757,5530,1825
3/16/2018,1642,4982,2466
3/17/2018,589,382,1220
3/18/2018,529,802,1687
3/19/2018,3035,2011,6071
3/20/2018,6406,2113,3185
3/21/2018,2883,5815,1910
3/22/2018,1913,2884,5780
3/23/2018,2639,5367,1747
3/24/2018,370,1230,568
3/25/2018,1483,467,716
3/26/2018,6696,3305,2196
3/27/2018,2085,3129,6319
3/28/2018,3070,2034,6235
3/29/2018,2960,5987,1969
3/30/2018,1483,4490,2228
3/31/2018,303,1010,473
4/1/2018,524,339,1131
4/2/2018,3520,7093,2346
4/3/2018,7391,2447,3671
4/4/2018,6210,2040,3062
4/5/2018,3079,6250,2044
4/6/2018,5710,2834,1880
4/7/2018,646,1324,421
4/8/2018,812,1642,538
4/9/2018,2331,7108,3505
4/10/2018,6296,2078,3132
4/11/2018,1949,2935,5894
4/12/2018,1917,2887,5792
4/13/2018,2534,1683,5126
4/14/2018,399,606,1240
4/15/2018,503,1584,769
4/16/2018,3378,6846,2248
4/17/2018,6343,2104,3156
4/18/2018,2038,6156,3074
4/19/2018,6096,3041,2014
4/20/2018,2819,1868,5652
4/21/2018,728,477,1500
4/22/2018,850,564,1733
4/23/2018,2389,3585,7267
4/24/2018,6748,2244,3367
4/25/2018,6525,2160,3250
4/26/2018,3240,6547,2154
4/27/2018,5391,2658,1769
4/28/2018,1384,457,690
4/29/2018,556,850,1730
4/30/2018,3598,7275,2391
5/1/2018,3777,7596,2513
5/2/2018,6864,2281,3424
5/3/2018,3204,2123,6443
5/4/2018,5377,2650,1766
5/5/2018,522,1137,348
5/6/2018,484,1500,745
5/7/2018,2233,6743,3367
5/8/2018,2106,6400,3159
5/9/2018,2975,5965,1978
5/10/2018,6255,3083,2042
5/11/2018,2606,1725,5298
5/12/2018,1269,597,392
5/13/2018,1481,722,474
5/14/2018,6386,2116,3179
5/15/2018,2097,6396,3154
5/16/2018,2024,6079,3039
5/17/2018,5933,1965,2949
5/18/2018,2621,1736,5325
5/19/2018,559,369,1198
5/20/2018,514,1549,774
5/21/2018,6541,2168,3261
5/22/2018,3146,6309,2091
5/23/2018,6288,3126,2083
5/24/2018,5615,1851,2784
5/25/2018,2452,1627,4950
5/26/2018,505,1083,324
5/27/2018,1158,542,350
5/28/2018,1083,494,317
5/29/2018,2390,7246,3588
5/30/2018,3171,6406,2104
5/31/2018,2009,3033,6102
6/1/2018,5986,2952,1966
6/2/2018,415,624,1261
6/3/2018,896,1858,597
6/4/2018,6423,3183,2121
6/5/2018,2011,6077,3036
6/6/2018,1871,5627,2808
6/7/2018,2572,1704,5195
6/8/2018,2175,1441,4394
6/9/2018,394,1264,607
6/10/2018,474,718,1535
6/11/2018,3055,6193,2029
6/12/2018,1886,5770,2841
6/13/2018,1767,5405,2655
6/14/2018,2856,1891,5809
6/15/2018,4672,1527,2300
6/16/2018,333,1054,508
6/17/2018,560,361,1214
6/18/2018,1900,5734,2866
6/19/2018,2953,1966,5969
6/20/2018,2006,3023,6094
6/21/2018,1858,5673,2794
6/22/2018,1667,2504,5023
6/23/2018,381,1221,575
6/24/2018,1696,799,526
6/25/2018,3039,2013,6136
6/26/2018,2013,3025,6143
6/27/2018,3106,2062,6297
6/28/2018,3007,6027,1999
6/29/2018,1776,2669,5376
6/30/2018,1503,733,479
7/1/2018,497,746,1519
7/2/2018,2219,6749,3339
7/3/2018,6101,2006,3024
7/4/2018,269,920,414
7/5/2018,1808,5459,2725
7/6/2018,2547,5140,1696
7/7/2018,595,395,1193
7/8/2018,712,468,1483
7/9/2018,7643,3783,2518
7/10/2018,2194,3305,6613
7/11/2018,2046,6197,3070
7/12/2018,3181,2109,6417
7/13/2018,1825,5534,2742
7/14/2018,623,1307,405
7/15/2018,672,447,1420
7/16/2018,3385,6854,2255
7/17/2018,2211,6661,3319
7/18/2018,2095,3162,6326
7/19/2018,6162,2033,3066
7/20/2018,6250,2047,3080
7/21/2018,1450,686,457
7/22/2018,868,1778,578
7/23/2018,4516,9104,3002
7/24/2018,2469,3722,7524
7/25/2018,2443,7403,3676
7/26/2018,2209,6681,3327
7/27/2018,3036,6090,2023
7/28/2018,418,1329,631
7/29/2018,1662,799,521
7/30/2018,2337,3515,7047
7/31/2018,7085,3540,2356
8/1/2018,2406,3619,7336
8/2/2018,6664,3299,2194
8/3/2018,6016,1964,2963
8/4/2018,1263,391,589
8/5/2018,480,1456,721
8/6/2018,2409,3620,7272
8/7/2018,3475,6975,2313
8/8/2018,3173,6349,2112
8/9/2018,2997,6084,1994
8/10/2018,1897,5791,2865
8/11/2018,532,1131,349
8/12/2018,1356,414,640
8/13/2018,2322,3497,7010
8/14/2018,6721,3331,2216
8/15/2018,6515,2152,3232
8/16/2018,3269,2166,6573
8/17/2018,1918,2889,5847
8/18/2018,597,397,1240
8/19/2018,1375,664,433
8/20/2018,7099,2350,3540
8/21/2018,7048,3521,2334
8/22/2018,2232,6712,3350
8/23/2018,6646,3285,2179
8/24/2018,2912,5880,1939
8/25/2018,642,417,1307
8/26/2018,1377,451,677
8/27/2018,9229,4607,3058
8/28/2018,3604,2398,7247
8/29/2018,3530,7067,2346
8/30/2018,2127,6423,3200
8/31/2018,5934,1962,2946
9/1/2018,467,703,1481
9/2/2018,534,346,1072
9/3/2018,1395,454,681
9/4/2018,9183,4588,3050
9/5/2018,7835,3894,2589
9/6/2018,3483,7038,2312
9/7/2018,2966,5996,1977
9/8/2018,617,1896,945
9/9/2018,662,435,1340
9/10/2018,3709,2462,7486
9/11/2018,7030,2311,3482
9/12/2018,6318,2080,3124
9/13/2018,3175,2105,6427
9/14/2018,1903,2870,5811
9/15/2018,1628,530,808
9/16/2018,1417,429,660
9/17/2018,2463,7409,3698
9/18/2018,6711,3314,2209
9/19/2018,6447,2136,3213
9/20/2018,6411,2122,3201
9/21/2018,6037,2974,1970
9/22/2018,726,1542,477
9/23/2018,507,779,1571
9/24/2018,2451,7465,3690
9/25/2018,3315,2209,6647
9/26/2018,3443,6978,2290
9/27/2018,2172,3258,6538
9/28/2018,2128,3207,6439
9/29/2018,1829,580,879
9/30/2018,722,1493,479
10/1/2018,3647,2431,7314
10/2/2018,2381,3580,7192
10/3/2018,2222,3335,6741
10/4/2018,2327,3498,7066
10/5/2018,2317,6956,3477
10/6/2018,667,1016,2088
10/7/2018,513,770,1593
10/8/2018,6452,3202,2132
10/9/2018,3880,2586,7764
10/10/2018,3520,2341,7109
10/11/2018,6855,2257,3388
10/12/2018,6368,3163,2105
10/13/2018,1921,621,948
10/14/2018,527,800,1654
10/15/2018,2478,7494,3733
10/16/2018,2459,3689,7399
10/17/2018,7060,3491,2319
10/18/2018,3341,6704,2221
10/19/2018,2029,3055,6197
10/20/2018,876,1851,573
10/21/2018,827,542,1720
10/22/2018,7967,2644,3978
10/23/2018,2350,7084,3532
10/24/2018,2333,7027,3512
10/25/2018,6979,2309,3483
10/26/2018,3166,6363,2107
10/27/2018,924,1902,607
10/28/2018,1608,514,786
10/29/2018,7561,2503,3756
10/30/2018,2509,3781,7624
10/31/2018,3218,6486,2135
11/1/2018,7145,2359,3549
11/2/2018,2273,3429,6873
11/3/2018,1909,622,938
11/4/2018,566,1753,854
11/5/2018,7914,2632,3949
11/6/2018,2521,7647,3791
11/7/2018,3465,2307,6951
11/8/2018,2199,3302,6661
11/9/2018,3097,2053,6288
11/10/2018,1899,616,936
11/11/2018,742,1561,485
11/12/2018,1915,5827,2882
11/13/2018,6881,3413,2262
11/14/2018,7112,2350,3536
11/15/2018,3313,2206,6691
11/16/2018,2325,7090,3501
11/17/2018,1711,833,547
11/18/2018,414,636,1368
11/19/2018,2406,3621,7339
11/20/2018,2106,6405,3165
11/21/2018,2585,5206,1718
11/22/2018,187,288,624
11/23/2018,1845,590,905
11/24/2018,778,517,1573
11/25/2018,1570,512,779
11/26/2018,2799,8516,4217
11/27/2018,3983,2653,7986
11/28/2018,2379,7186,3574
11/29/2018,2208,3326,6693
11/30/2018,6846,2250,3394
12/1/2018,2286,1107,735
12/2/2018,1782,872,573
12/3/2018,8719,4339,2885
12/4/2018,2509,3780,7628
12/5/2018,6798,3362,2238
12/6/2018,2120,3184,6428
12/7/2018,2012,3025,6081
12/8/2018,1954,622,937
12/9/2018,676,1367,444
12/10/2018,2208,6734,3329
12/11/2018,2268,6868,3408
12/12/2018,3199,6473,2128
12/13/2018,3017,6112,2010
12/14/2018,2843,1891,5713
12/15/2018,1899,592,907
12/16/2018,599,1217,398
12/17/2018,7422,3703,2464
12/18/2018,2228,3361,6781
12/19/2018,2062,6286,3094
12/20/2018,6398,2097,3163
12/21/2018,4935,2459,1629
12/22/2018,1990,954,628
12/23/2018,1064,505,331
12/24/2018,573,1785,872
12/25/2018,292,135,81
12/26/2018,4101,1349,2042
12/27/2018,1532,4650,2315
12/28/2018,1516,2286,4583
12/29/2018,839,1749,553
12/30/2018,533,1092,351
12/31/2018,1097,1656,3391
1/1/2019,280,637,175
1/2/2019,2356,7128,3537
1/3/2019,6563,3258,2163
1/4/2019,5935,1934,2918
1/5/2019,925,1935,606
1/6/2019,466,707,1443
1/7/2019,3477,2311,7000
1/8/2019,5823,1936,2905
1/9/2019,1876,5762,2833
1/10/2019,2767,1842,5568
1/11/2019,2706,5417,1791
1/12/2019,568,1768,852
1/13/2019,1355,424,647
1/14/2019,2112,6363,3177
1/15/2019,1932,5815,2905
1/16/2019,5670,2795,1856
1/17/2019,1910,5807,2866
1/18/2019,2722,1811,5449
1/19/2019,525,805,1658
1/20/2019,407,1306,614
1/21/2019,1309,4024,1972
1/22/2019,6310,2085,3139
1/23/2019,5779,1891,2848
1/24/2019,5375,2677,1783
1/25/2019,5003,1655,2492
1/26/2019,1704,806,533
1/27/2019,642,1313,416
1/28/2019,1973,6004,2972
1/29/2019,6139,3049,2020
1/30/2019,1839,2760,5554
1/31/2019,5858,2887,1924
2/1/2019,6101,2015,3029
2/2/2019,638,1974,967
2/3/2019,1594,509,780
2/4/2019,2278,6887,3425
2/5/2019,2039,3075,6174
2/6/2019,2918,1940,5845
2/7/2019,6753,2230,3353
2/8/2019,3281,2187,6642
2/9/2019,476,1501,732
2/10/2019,488,735,1478
2/11/2019,2178,3277,6644
2/12/2019,2836,1883,5767
2/13/2019,6095,3037,2018
2/14/2019,5271,1732,2612
2/15/2019,1656,2489,5057
2/16/2019,752,499,1509
2/17/2019,1300,602,399
2/18/2019,4078,1353,2035
2/19/2019,3161,2098,6398
2/20/2019,1942,2924,5896
2/21/2019,2970,1971,5984
2/22/2019,5329,1769,2660
2/23/2019,833,552,1729
2/24/2019,1437,678,445
2/25/2019,3113,2063,6289
2/26/2019,2011,6059,3019
2/27/2019,6098,1996,3000
2/28/2019,6219,2059,3094
3/1/2019,2057,3104,6225
3/2/2019,1792,590,890
3/3/2019,709,461,1492
3/4/2019,7241,3579,2373
3/5/2019,6123,3061,2028
3/6/2019,2048,6207,3088
3/7/2019,5306,2612,1733
3/8/2019,5266,1728,2597
3/9/2019,506,771,1577
3/10/2019,1306,418,632
3/11/2019,2059,3102,6215
3/12/2019,2826,5677,1872
3/13/2019,1707,5254,2580
3/14/2019,1742,5337,2621
3/15/2019,1598,2413,4836
3/16/2019,729,479,1511
3/17/2019,399,1283,607
3/18/2019,3174,2114,6362
3/19/2019,5895,1955,2942
3/20/2019,2868,1906,5787
3/21/2019,1788,2686,5434
3/22/2019,4879,2417,1608
3/23/2019,487,1521,733
3/24/2019,638,1298,421
3/25/2019,6463,3183,2117
3/26/2019,6311,3142,2088
3/27/2019,5803,1915,2888
3/28/2019,2910,5854,1936
3/29/2019,5481,2715,1804
3/30/2019,515,1579,776
3/31/2019,441,1388,676
4/1/2019,6876,2287,3437
4/2/2019,2183,3285,6643
4/3/2019,6191,2039,3059
4/4/2019,1889,5718,2851
4/5/2019,5545,1824,2756
4/6/2019,620,1888,936
4/7/2019,449,1394,682
4/8/2019,3110,2073,6288
4/9/2019,2862,5764,1895
4/10/2019,2870,1911,5805
4/11/2019,1899,2852,5730
4/12/2019,5413,1779,2686
4/13/2019,530,1668,798
4/14/2019,1443,714,468
4/15/2019,2188,6647,3283
4/16/2019,3102,2061,6279
4/17/2019,2701,5436,1794
4/18/2019,1835,2760,5587
4/19/2019,4382,1443,2167
4/20/2019,459,693,1454
4/21/2019,494,1011,317
4/22/2019,2516,3790,7669
4/23/2019,3642,7354,2427
4/24/2019,6280,3135,2085
4/25/2019,3096,2060,6267
4/26/2019,2835,5748,1878
4/27/2019,1733,546,833
4/28/2019,467,712,1470
4/29/2019,3341,6762,2224
4/30/2019,3241,6511,2149
5/1/2019,7195,2385,3588
5/2/2019,6631,2197,3311
5/3/2019,1863,2800,5679
5/4/2019,1013,2046,672
5/5/2019,1590,503,764
5/6/2019,2305,7010,3467
5/7/2019,3099,2060,6208
5/8/2019,2074,3130,6270
5/9/2019,1999,6062,3011
5/10/2019,5647,2791,1856
5/11/2019,1605,766,508
5/12/2019,1297,615,397
5/13/2019,2108,6397,3176
5/14/2019,6262,3125,2078
5/15/2019,2948,5902,1957
5/16/2019,2864,5797,1897
5/17/2019,1846,5605,2782
5/18/2019,522,1572,786
5/19/2019,1378,449,682
5/20/2019,2322,7018,3486
5/21/2019,3774,7585,2507
5/22/2019,3581,7232,2387
5/23/2019,2121,3183,6466
5/24/2019,2590,5210,1726
5/25/2019,761,1596,496
5/26/2019,484,977,318
5/27/2019,1113,539,357
5/28/2019,7875,2607,3925
5/29/2019,7016,2324,3488
5/30/2019,2109,3182,6456
5/31/2019,5921,2938,1951
6/1/2019,1916,622,939
6/2/2019,751,491,1593
6/3/2019,3896,7862,2585
6/4/2019,7042,3519,2336
6/5/2019,6950,2295,3451
6/6/2019,6534,2166,3252
6/7/2019,6154,3031,2008
6/8/2019,1740,823,541
6/9/2019,1419,666,431
6/10/2019,2249,6832,3384
6/11/2019,3118,6317,2071
6/12/2019,2937,1945,5890
6/13/2019,5625,2773,1847
6/14/2019,2604,1727,5218
6/15/2019,801,1701,527
6/16/2019,617,1242,403
6/17/2019,6539,2156,3238
6/18/2019,3000,1994,6023
6/19/2019,2987,6045,1986
6/20/2019,2024,3043,6124
6/21/2019,5571,2752,1826
6/22/2019,1688,833,549
6/23/2019,1404,438,665
6/24/2019,6952,2286,3429
6/25/2019,3388,2252,6811
6/26/2019,3117,6272,2065
6/27/2019,6041,3020,2003
6/28/2019,5349,1769,2669
6/29/2019,841,1699,557
6/30/2019,1187,592,384
7/1/2019,7008,2317,3486
7/2/2019,6379,3178,2108
7/3/2019,5825,2904,1934
7/4/2019,421,849,280
7/5/2019,3364,1671,1101
7/6/2019,1273,601,390
7/7/2019,1259,389,594
7/8/2019,2388,7201,3593
7/9/2019,3073,6217,2044
7/10/2019,3076,6248,2041
7/11/2019,2917,5839,1933
7/12/2019,5026,2465,1633
7/13/2019,448,677,1427
7/14/2019,1339,662,433
7/15/2019,2248,6841,3388
7/16/2019,6449,3224,2149
7/17/2019,6470,2129,3206
7/18/2019,1905,5847,2876
7/19/2019,2675,1779,5421
7/20/2019,442,1347,664
7/21/2019,415,642,1315
7/22/2019,3540,7113,2350
7/23/2019,6277,3089,2059
7/24/2019,2073,3115,6302
7/25/2019,1981,2986,6057
7/26/2019,5439,1791,2694
7/27/2019,521,1651,795
7/28/2019,424,641,1308
7/29/2019,6679,2199,3301
7/30/2019,6237,2049,3090
7/31/2019,1991,6056,3004
8/1/2019,3143,6371,2088
8/2/2019,1838,5622,2764
8/3/2019,1686,551,836
8/4/2019,464,1471,712
8/5/2019,2450,3677,7444
8/6/2019,3194,6427,2122
8/7/2019,2002,6049,3020
8/8/2019,2863,5807,1901
8/9/2019,5043,1657,2490
8/10/2019,450,1445,683
8/11/2019,503,334,1025
8/12/2019,2179,6670,3285
8/13/2019,2985,6011,1984
8/14/2019,2004,6050,3012
8/15/2019,2959,5919,1965
8/16/2019,5133,1682,2539
8/17/2019,1496,459,700
8/18/2019,626,413,1289
8/19/2019,2113,3182,6384
8/20/2019,2042,6251,3080
8/21/2019,5690,2819,1877
8/22/2019,1956,5973,2941
8/23/2019,2376,1584,4818
8/24/2019,1370,673,440
8/25/2019,1279,414,625
8/26/2019,3423,2281,6861
8/27/2019,3004,6026,2000
8/28/2019,2069,3109,6233
8/29/2019,1844,5584,2779
8/30/2019,5294,2601,1721
8/31/2019,426,640,1310
9/1/2019,446,284,973
9/2/2019,1045,336,506
9/3/2019,2372,3567,7233
9/4/2019,3217,2134,6498
9/5/2019,2957,5969,1965
9/6/2019,1679,5097,2535
9/7/2019,1472,705,460
9/8/2019,385,588,1244
9/9/2019,2090,6283,3138
9/10/2019,5815,2901,1926
9/11/2019,1882,5768,2836
9/12/2019,1761,2660,5365
9/13/2019,2617,1733,5268
9/14/2019,571,1788,860
9/15/2019,1226,382,574
9/16/2019,2408,3630,7276
9/17/2019,2148,3234,6483
9/18/2019,3164,2096,6338
9/19/2019,2984,5998,1979
9/20/2019,2726,1809,5484
9/21/2019,1622,806,535
9/22/2019,1502,703,466
9/23/2019,2215,3339,6705
9/24/2019,2247,3379,6833
9/25/2019,3097,2063,6206
9/26/2019,6263,2068,3118
9/27/2019,2775,5601,1845
9/28/2019,1580,526,789
9/29/2019,416,634,1349
9/30/2019,3738,7503,2481
10/1/2019,2470,3718,7518
10/2/2019,3203,6427,2134
10/3/2019,5860,1938,2915
10/4/2019,5409,2671,1779
10/5/2019,511,779,1571
10/6/2019,443,666,1427
10/7/2019,3420,6863,2267
10/8/2019,3039,6155,2023
10/9/2019,5803,1909,2883
10/10/2019,1906,5800,2865
10/11/2019,2723,5487,1809
10/12/2019,1467,691,459
10/13/2019,370,1143,568
10/14/2019,2815,1866,5719
10/15/2019,2149,3228,6506
10/16/2019,2158,6492,3240
10/17/2019,5944,2927,1943
10/18/2019,1653,5080,2493
10/19/2019,1649,509,780
10/20/2019,648,1361,419
10/21/2019,6634,2180,3279
10/22/2019,3216,6447,2143
10/23/2019,6214,2051,3091
10/24/2019,1947,5911,2927
10/25/2019,2694,5470,1788
10/26/2019,880,1849,586
10/27/2019,582,377,1208
10/28/2019,2053,3098,6287
10/29/2019,5867,2915,1935
10/30/2019,6263,2060,3110
10/31/2019,2674,1778,5400
11/1/2019,5484,2729,1809
11/2/2019,602,1857,911
11/3/2019,1373,651,424
11/4/2019,7247,3602,2392
11/5/2019,3139,2085,6306
11/6/2019,2040,3068,6228
11/7/2019,1974,2971,5947
11/8/2019,1804,5514,2726
11/9/2019,1590,514,788
11/10/2019,387,1246,595
11/11/2019,2659,5325,1765
11/12/2019,6161,2036,3057
11/13/2019,1934,5838,2909
11/14/2019,5633,2769,1846
11/15/2019,5096,1688,2547
11/16/2019,1464,458,706
11/17/2019,540,359,1140
11/18/2019,3024,6054,2006
11/19/2019,1870,5660,2820
11/20/2019,5638,1864,2800
11/21/2019,2850,5795,1896
11/22/2019,1653,2496,5013
11/23/2019,437,663,1331
11/24/2019,438,888,289
11/25/2019,5740,1900,2868
11/26/2019,2761,5601,1836
11/27/2019,1426,2148,4359
11/28/2019,608,165,265
11/29/2019,1870,895,591
11/30/2019,589,381,1203
12/1/2019,520,346,1069
12/2/2019,6636,3296,2192
12/3/2019,5747,1912,2871
12/4/2019,5478,2723,1806
12/5/2019,2655,5390,1761
12/6/2019,1702,5181,2564
12/7/2019,514,779,1629
12/8/2019,441,669,1357
12/9/2019,1835,2763,5540
12/10/2019,2654,5359,1766
12/11/2019,2513,5075,1674
12/12/2019,5176,2546,1686
12/13/2019,4596,1495,2254
12/14/2019,395,1222,610
12/15/2019,472,313,1000
12/16/2019,5988,1974,2969
12/17/2019,5964,1979,2981
12/18/2019,5722,1897,2854
12/19/2019,2949,5949,1953
12/20/2019,1689,2553,5136
12/21/2019,466,1491,701
12/22/2019,385,844,252
12/23/2019,4517,1495,2248
12/24/2019,607,915,1874
12/25/2019,306,87,148
12/26/2019,1164,1753,3590
12/27/2019,1859,3749,1232
12/28/2019,331,1084,502
12/29/2019,348,722,225
12/30/2019,1599,2406,4889
12/31/2019,1147,3504,1735
1/1/2020,289,183,672
1/2/2020,1845,5591,2776
1/3/2020,4664,2290,1520
1/4/2020,1206,581,387
1/5/2020,332,516,1092
1/6/2020,6681,2196,3301
1/7/2020,5984,2986,1984
1/8/2020,5777,2841,1892
1/9/2020,5888,2924,1937
1/10/2020,2392,1586,4878
1/11/2020,698,459,1430
1/12/2020,1160,365,553
1/13/2020,6011,1961,2958
1/14/2020,5617,1845,2784
1/15/2020,2684,5452,1786
1/16/2020,6529,2141,3226
1/17/2020,2558,5172,1699
1/18/2020,1386,681,453
1/19/2020,1159,358,553
1/20/2020,4242,2100,1391
1/21/2020,2102,6374,3160
1/22/2020,5543,2767,1841
1/23/2020,2689,1792,5413
1/24/2020,1745,5333,2628
1/25/2020,534,1652,816
1/26/2020,1300,402,606
1/27/2020,6372,3171,2108
1/28/2020,3033,6113,2018
1/29/2020,1882,5723,2839
1/30/2020,5917,1943,2920
1/31/2020,5009,1640,2464
2/1/2020,522,1636,791
2/2/2020,571,1147,372
2/3/2020,2107,6383,3164
2/4/2020,1980,2976,5960
2/5/2020,1776,5373,2680
2/6/2020,1773,2668,5426
2/7/2020,2381,1574,4796
2/8/2020,1535,725,481
2/9/2020,547,1183,364
2/10/2020,5764,1913,2880
2/11/2020,2803,1862,5637
2/12/2020,1714,5204,2587
2/13/2020,4991,2492,1655
2/14/2020,4867,1605,2426
2/15/2020,1497,716,471
2/16/2020,509,339,1045
2/17/2020,2097,4218,1386
2/18/2020,1992,6025,2994
2/19/2020,1810,2734,5492
2/20/2020,2781,5573,1841
2/21/2020,1663,2504,5062
2/22/2020,695,463,1432
2/23/2020,1210,372,563
2/24/2020,6504,2136,3208
2/25/2020,5967,1960,2940
2/26/2020,6107,2008,3015
2/27/2020,1872,2828,5747
2/28/2020,4965,2443,1622
2/29/2020,673,1358,443
3/1/2020,1418,450,685
3/2/2020,6390,3194,2122
3/3/2020,2007,3024,6050
3/4/2020,5680,2803,1866
3/5/2020,1899,5816,2860
3/6/2020,1628,2459,5004
3/7/2020,619,410,1317
3/8/2020,530,344,1079
3/9/2020,2694,5402,1789
3/10/2020,2622,5277,1742
3/11/2020,5180,1690,2553
3/12/2020,4909,2414,1598
3/13/2020,4185,2059,1360
3/14/2020,1285,638,420
3/15/2020,286,958,439
3/16/2020,5076,2511,1673
3/17/2020,2413,4868,1605
3/18/2020,1991,4037,1320
3/19/2020,2077,1379,4171
3/20/2020,4118,2035,1350
3/21/2020,401,1273,619
3/22/2020,943,291,454
3/23/2020,4328,1440,2163
3/24/2020,2089,1382,4232
3/25/2020,2051,4120,1360
3/26/2020,2252,1490,4553
3/27/2020,1315,1985,4012
3/28/2020,329,1070,510
3/29/2020,927,426,272
3/30/2020,1525,4603,2289
3/31/2020,2140,4378,1421
4/1/2020,4782,2373,1576
4/2/2020,2276,4607,1511
4/3/2020,1521,2294,4664
4/4/2020,657,991,2010
4/5/2020,1414,432,659
4/6/2020,1621,2435,4967
4/7/2020,4532,1492,2249
4/8/2020,4230,1372,2072
4/9/2020,4008,1999,1332
4/10/2020,1086,3282,1640
4/11/2020,477,1030,306
4/12/2020,171,260,573
4/13/2020,1412,2137,4372
4/14/2020,1375,2068,4213
4/15/2020,1387,2100,4295
4/16/2020,1301,4008,1955
4/17/2020,1331,1997,4037
4/18/2020,1100,526,345
4/19/2020,325,204,679
4/20/2020,2144,1429,4355
4/21/2020,3965,1942,1294
4/22/2020,1247,3770,1876
4/23/2020,1937,1288,3908
4/24/2020,1255,1898,3802
4/25/2020,1081,491,316
4/26/2020,231,357,761
4/27/2020,4161,2051,1362
4/28/2020,1340,4032,2011
4/29/2020,1916,1270,3840
4/30/2020,1388,2087,4181
5/1/2020,1357,4175,2045
5/2/2020,378,791,242
5/3/2020,234,366,820
5/4/2020,4798,2373,1569
5/5/2020,2020,1338,4135
5/6/2020,1259,3854,1894
5/7/2020,3790,1847,1222
5/8/2020,1718,1139,3472
5/9/2020,278,433,927
5/10/2020,545,161,249
5/11/2020,1271,3846,1917
5/12/2020,1162,1747,3565
5/13/2020,1682,1109,3381
5/14/2020,3416,1690,1124
5/15/2020,1603,3262,1060
5/16/2020,905,406,267
5/17/2020,267,546,176
5/18/2020,2077,1384,4159
5/19/2020,1282,1932,3940
5/20/2020,3943,1960,1304
5/21/2020,4073,1320,1989
5/22/2020,2893,958,1446
5/23/2020,312,471,1000
5/24/2020,346,225,720
5/25/2020,195,685,310
5/26/2020,2324,4710,1547
5/27/2020,2066,1368,4144
5/28/2020,1322,4065,1988
5/29/2020,1796,3664,1195
5/30/2020,1017,492,326
5/31/2020,238,365,803
6/1/2020,2099,4298,1398
6/2/2020,2124,1415,4336
6/3/2020,1338,4093,2011
6/4/2020,1857,3800,1226
6/5/2020,3766,1863,1229
6/6/2020,1003,319,486
6/7/2020,324,729,212
6/8/2020,1335,2019,4046
6/9/2020,2034,1351,4091
6/10/2020,1152,3579,1744
6/11/2020,1959,1293,3972
6/12/2020,1642,1086,3311
6/13/2020,757,376,242
6/14/2020,241,835,378
6/15/2020,2119,4258,1403
6/16/2020,4231,1408,2113
6/17/2020,1948,3993,1295
6/18/2020,1230,3756,1862
6/19/2020,2887,945,1420
6/20/2020,352,543,1115
6/21/2020,685,200,301
6/22/2020,2143,1426,4349
6/23/2020,2007,1329,4112
6/24/2020,3855,1267,1903
6/25/2020,1324,4031,2004
6/26/2020,3660,1196,1804
6/27/2020,1175,551,366
6/28/2020,702,229,347
6/29/2020,4244,1396,2101
6/30/2020,4527,2226,1482
7/1/2020,2326,4739,1541
7/2/2020,3617,1795,1188
7/3/2020,1247,406,616
7/4/2020,162,98,329
7/5/2020,217,715,339
7/6/2020,1419,4291,2135
7/7/2020,3900,1920,1278
7/8/2020,3615,1187,1782
7/9/2020,3732,1841,1215
7/10/2020,1068,1616,3299
7/11/2020,593,1265,388
7/12/2020,713,330,213
7/13/2020,1338,4106,2017
7/14/2020,1141,1730,3503
7/15/2020,1956,3957,1296
7/16/2020,1305,1975,3970
7/17/2020,1196,1806,3674
7/18/2020,1015,330,497
7/19/2020,893,274,420
7/20/2020,1380,4225,2072
7/21/2020,1349,4146,2035
7/22/2020,3757,1844,1224
7/23/2020,1882,3767,1254
7/24/2020,1525,3121,1013
7/25/2020,507,1043,335
7/26/2020,813,245,379
7/27/2020,2286,1517,4603
7/28/2020,2199,1454,4447
7/29/2020,1904,1259,3907
7/30/2020,3975,1979,1307
7/31/2020,1136,3501,1722
8/1/2020,667,432,1398
8/2/2020,834,246,383
8/3/2020,1752,5348,2630
8/4/2020,2190,1457,4470
8/5/2020,3819,1872,1247
8/6/2020,4156,2057,1364
8/7/2020,3346,1095,1657
8/8/2020,1071,520,338
8/9/2020,417,906,275
8/10/2020,2062,4155,1365
8/11/2020,2114,1396,4263
8/12/2020,4098,2020,1340
8/13/2020,3945,1291,1937
8/14/2020,1217,1839,3716
8/15/2020,299,465,1021
8/16/2020,737,359,237
8/17/2020,2193,1453,4428
8/18/2020,1257,1889,3842
8/19/2020,1321,4062,2001
8/20/2020,1345,4063,2029
8/21/2020,3612,1170,1775
8/22/2020,330,515,1072
8/23/2020,837,238,373
8/24/2020,4423,1438,2168
8/25/2020,1295,1954,3945
8/26/2020,4043,2001,1322
8/27/2020,1978,1312,3968
8/28/2020,3929,1292,1956
8/29/2020,509,1045,339
8/30/2020,271,425,933
8/31/2020,1580,2390,4858
9/1/2020,2450,4962,1623
9/2/2020,4023,1315,1979
9/3/2020,4170,2081,1379
9/4/2020,3617,1173,1779
9/5/2020,450,288,960
9/6/2020,213,705,330
9/7/2020,693,194,309
9/8/2020,2187,1455,4429
9/9/2020,1355,2041,4166
9/10/2020,1382,4210,2078
9/11/2020,1216,3740,1832
9/12/2020,455,929,301
9/13/2020,420,870,279
9/14/2020,1966,1310,3996
9/15/2020,1394,2111,4233
9/16/2020,1293,1952,3921
9/17/2020,3671,1831,1209
9/18/2020,3266,1059,1600
9/19/2020,998,326,491
9/20/2020,260,390,822
9/21/2020,1413,4353,2129
9/22/2020,1414,4286,2131
9/23/2020,2128,4332,1415
9/24/2020,4037,1332,2003
9/25/2020,1245,3786,1868
9/26/2020,515,1083,341
9/27/2020,293,920,453
9/28/2020,4729,2338,1555
9/29/2020,1471,2220,4474
9/30/2020,4447,1451,2196
10/1/2020,4809,2365,1568
10/2/2020,1269,1914,3870
10/3/2020,460,300,926
10/4/2020,303,455,916
10/5/2020,4925,2419,1601
10/6/2020,1461,4490,2197
10/7/2020,4398,1435,2153
10/8/2020,1273,3828,1913
10/9/2020,1709,1136,3515
10/10/2020,979,479,316
10/11/2020,808,384,247
10/12/2020,1878,1243,3796
10/13/2020,4040,2008,1326
10/14/2020,1392,4239,2108
10/15/2020,1344,2017,4095
10/16/2020,1962,3976,1307
10/17/2020,351,1152,533
10/18/2020,918,446,293
10/19/2020,2240,4572,1490
10/20/2020,2283,4597,1513
10/21/2020,1545,2318,4713
10/22/2020,1549,4748,2329
10/23/2020,2007,4021,1331
10/24/2020,353,1163,543
10/25/2020,812,240,365
10/26/2020,1534,4655,2314
10/27/2020,2423,1605,4944
10/28/2020,2428,1614,4899
10/29/2020,4666,1522,2294
10/30/2020,2052,1355,4119
10/31/2020,1135,363,564
11/1/2020,947,283,429
11/2/2020,2643,5351,1753
11/3/2020,2207,4436,1466
11/4/2020,1377,4164,2075
11/5/2020,1375,2082,4199
11/6/2020,1211,1828,3729
11/7/2020,451,926,298
11/8/2020,398,870,259
11/9/2020,1462,2203,4439
11/10/2020,4194,1380,2089
11/11/2020,1669,3376,1110
11/12/2020,1403,2118,4331
11/13/2020,3473,1153,1730
11/14/2020,1014,485,311
11/15/2020,784,237,367
11/16/2020,2466,5009,1641
11/17/2020,1556,4754,2343
11/18/2020,1502,2266,4595
11/19/2020,1352,4165,2037
11/20/2020,1399,2101,4278
11/21/2020,356,534,1075
11/22/2020,242,809,375
11/23/2020,1492,4524,2243
11/24/2020,4430,2192,1457
11/25/2020,3821,1237,1861
11/26/2020,112,186,418
11/27/2020,423,1334,636
11/28/2020,996,301,463
11/29/2020,380,243,775
11/30/2020,1700,2552,5120
12/1/2020,2538,5134,1691
12/2/2020,2295,4617,1528
12/3/2020,1464,2206,4495
12/4/2020,1231,1854,3765
12/5/2020,343,519,1079
12/6/2020,250,390,858
12/7/2020,4713,1548,2337
12/8/2020,1439,4403,2169
12/9/2020,4492,1463,2204
12/10/2020,3961,1295,1951
12/11/2020,1817,3668,1203
12/12/2020,875,284,436
12/13/2020,371,237,810
12/14/2020,1340,4092,2024
12/15/2020,2030,1350,4080
12/16/2020,1494,4538,2243
12/17/2020,2178,4430,1447
12/18/2020,1201,3692,1820
12/19/2020,519,1125,341
12/20/2020,345,766,229
12/21/2020,4143,2024,1347
12/22/2020,1822,1212,3691
12/23/2020,1023,1537,3164
12/24/2020,415,640,1338
12/25/2020,60,90,278
12/26/2020,365,239,827
12/27/2020,178,634,268
12/28/2020,1683,1110,3441
12/29/2020,1673,1109,3368
12/30/2020,3103,1018,1535
12/31/2020,694,1050,2122
1/1/2021,334,98,155
1/2/2021,489,316,989
1/3/2021,350,783,233
1/4/2021,1615,2423,4895
1/5/2021,2220,1470,4531
1/6/2021,1915,3870,1272
1/7/2021,3717,1197,1813
1/8/2021,1751,1167,3542
1/9/2021,280,432,958
1/10/2021,664,213,331
1/11/2021,3787,1252,1891
1/12/2021,3697,1219,1832
1/13/2021,1797,1198,3601
1/14/2021,1196,1810,3711
1/15/2021,1117,3460,1686
1/16/2021,977,458,301
1/17/2021,745,211,325
1/18/2021,1349,2715,896
1/19/2021,4064,2030,1346
1/20/2021,1271,1914,3854
1/21/2021,3792,1235,1871
1/22/2021,3354,1115,1675
1/23/2021,490,1003,319
1/24/2021,243,379,779
1/25/2021,1379,4241,2086
1/26/2021,1341,2025,4054
1/27/2021,4056,1342,2015
1/28/2021,1241,1871,3761
1/29/2021,3229,1055,1593
1/30/2021,513,1110,335
1/31/2021,249,383,841
2/1/2021,1378,2071,4176
2/2/2021,2112,1406,4312
2/3/2021,4219,1375,2077
2/4/2021,1382,2077,4192
2/5/2021,3757,1246,1874
2/6/2021,536,1152,348
2/7/2021,195,611,298
2/8/2021,1903,3868,1265
2/9/2021,1182,3663,1786
2/10/2021,3657,1187,1786
2/11/2021,1791,1194,3591
2/12/2021,3064,1510,996
2/13/2021,321,484,1032
2/14/2021,227,729,342
2/15/2021,739,2291,1122
2/16/2021,1189,3700,1803
2/17/2021,3352,1086,1642
2/18/2021,3293,1621,1075
2/19/2021,1601,1064,3241
2/20/2021,1034,314,480
2/21/2021,378,240,779
2/22/2021,3993,1297,1964
2/23/2021,4140,2059,1363
2/24/2021,1247,3853,1882
2/25/2021,3731,1835,1221
2/26/2021,1272,3872,1915
2/27/2021,434,289,912
2/28/2021,809,243,368
3/1/2021,2101,4273,1400
3/2/2021,4352,1441,2176
3/3/2021,2036,4119,1354
3/4/2021,1195,3679,1807
3/5/2021,1736,3544,1150
3/6/2021,484,1018,312
3/7/2021,374,249,782
3/8/2021,1851,3703,1223
3/9/2021,1881,1250,3793
3/10/2021,1186,1791,3595
3/11/2021,1221,1833,3725
3/12/2021,3844,1267,1906
3/13/2021,1008,490,326
3/14/2021,898,433,286
3/15/2021,1560,4777,2352
3/16/2021,1453,2188,4429
3/17/2021,1393,4261,2106
3/18/2021,3949,1283,1932
3/19/2021,1575,3173,1049
3/20/2021,928,302,462
3/21/2021,354,234,727
3/22/2021,1613,4860,2422
3/23/2021,2138,1412,4288
3/24/2021,1304,1967,3937
3/25/2021,4053,1985,1313
3/26/2021,1260,1900,3847
3/27/2021,325,495,1026
3/28/2021,398,255,886
3/29/2021,2190,1455,4435
3/30/2021,2036,1346,4163
3/31/2021,1334,2003,4105
4/1/2021,1374,2073,4171
4/2/2021,1451,963,2954
4/3/2021,766,249,374
4/4/2021,242,150,548
4/5/2021,1389,4248,2084
4/6/2021,2074,4164,1380
4/7/2021,1852,3792,1232
4/8/2021,1766,1170,3556
4/9/2021,1036,3218,1568
4/10/2021,289,439,920
4/11/2021,305,193,651
4/12/2021,3876,1285,1937
4/13/2021,3545,1171,1762
4/14/2021,3612,1773,1171
4/15/2021,1850,3798,1230
4/16/2021,1159,1739,3487
4/17/2021,462,959,300
4/18/2021,717,330,210
4/19/2021,1274,3938,1928
4/20/2021,1944,1291,3949
4/21/2021,1929,3865,1283
4/22/2021,3661,1824,1210
4/23/2021,1587,3211,1058
4/24/2021,261,399,836
4/25/2021,344,229,770
4/26/2021,2094,4278,1392
4/27/2021,4038,2014,1336
4/28/2021,1220,1831,3737
4/29/2021,1661,3391,1094
4/30/2021,3440,1689,1119
5/1/2021,,,
5/2/2021,,,
5/3/2021,,,
5/4/2021,,,
5/5/2021,,,
5/6/2021,,,
5/7/2021,,,
5/8/2021,,,
5/9/2021,,,
5/10/2021,,,
5/11/2021,,,
5/12/2021,,,
5/13/2021,,,
5/14/2021,,,
5/15/2021,,,
5/16/2021,,,
5/17/2021,,,
5/18/2021,,,
5/19/2021,,,
5/20/2021,,,
5/21/2021,,,
5/22/2021,,,
5/23/2021,,,
5/24/2021,,,
5/25/2021,,,
5/26/2021,,,
5/27/2021,,,
5/28/2021,,,
5/29/2021,,,
5/30/2021,,,
5/31/2021,,,
6/1/2021,,,
6/2/2021,,,
6/3/2021,,,
6/4/2021,,,
6/5/2021,,,
6/6/2021,,,
6/7/2021,,,
6/8/2021,,,
6/9/2021,,,
6/10/2021,,,
6/11/2021,,,
6/12/2021,,,
6/13/2021,,,
6/14/2021,,,
6/15/2021,,,
6/16/2021,,,
6/17/2021,,,
6/18/2021,,,
6/19/2021,,,
6/20/2021,,,
6/21/2021,,,
6/22/2021,,,
6/23/2021,,,
6/24/2021,,,
6/25/2021,,,
6/26/2021,,,
6/27/2021,,,
6/28/2021,,,
6/29/2021,,,
6/30/2021,,,
7/1/2021,,,
7/2/2021,,,
7/3/2021,,,
7/4/2021,,,
7/5/2021,,,
7/6/2021,,,
7/7/2021,,,
7/8/2021,,,
7/9/2021,,,
7/10/2021,,,
7/11/2021,,,
7/12/2021,,,
7/13/2021,,,
7/14/2021,,,
7/15/2021,,,
7/16/2021,,,
7/17/2021,,,
7/18/2021,,,
7/19/2021,,,
7/20/2021,,,
7/21/2021,,,
7/22/2021,,,
7/23/2021,,,
7/24/2021,,,
7/25/2021,,,
7/26/2021,,,
7/27/2021,,,
7/28/2021,,,
7/29/2021,,,
7/30/2021,,,
7/31/2021,,,
